ID,Strand,Goal,Goal_Short,Description,is_Core,Keyword,Rubric_Level_id,Documentation
OBJ1,Professional Skills,Learn about monetization and business decisions that need to be made when planning the development of an app.,App Business,I can describe the Value Proposition for an app,true,key1-key2-key3,COD0,https://www.google.com
OBJ2,App Business and Marketing,Learn about monetization and business decisions that need to be made when planning the development of an app.,App Business,I can describe the features and the benefits of the paid model and know when it is appropriate to use it.,true,key1-key2-key3,COD1,https://www.google.com
OBJ3,App Business and Marketing,Learn about monetization and business decisions that need to be made when planning the development of an app.,App Marketing,I can describe the different types of in-app purchases.,true,key1-key2-key3,COD2,https://www.google.com
OBJ4,Process,Learn how to effectively market an app on the store.,Entrepreneurship,I can describe the different types of in-app purchases.,true,key1-key2-key3,COD3,https://www.google.com
OBJ5,Design,Learn how to effectively market an app on the store.,Entrepreneurship,I can understand how to implement and Promote Apps with Safari Smart App Banners,true,key1-key2-key3,COD4,https://www.google.com
OBJ6,Design,Learn how to effectively market an app on the store.,Store Guidelines,I can effectively apply digital marketing tools to promote a business.,true,key1-key2-key3,COD5,https://www.google.com
OBJ7,Technical,Learn about entrepreneurship and  social entrepreneurship opportunities for app business and marketing.,Legal Guidelines,I can identify the key factors of a competitive analysis,true,key1-key2-key3,COD6,https://www.google.com
OBJ8,Process,Learn how to correctly follow App Store Guidelines.,User Engagement,I can identify the key factors of a competitive analysis,false,key1-key2-key3,COD7,https://www.google.com
OBJ9,Technical,Learn to design with accessibility in mind for all users.,Branding,I can identify the key factors of a competitive analysis,false,key1-key2-key3,COD8,https://www.google.com
